period,metric,value,budget
2024-01,Net Revenue,4024377.37,3958400.64
2024-02,Net Revenue,4211475.44,4188225.91
2024-03,Net Revenue,4107189.9,4218308.27
2024-04,Net Revenue,4364151.5,4339255.55
2024-05,Net Revenue,4375682.68,4339814.46
2024-06,Net Revenue,4428517.64,4385824.59
2024-07,Net Revenue,4302453.88,4345214.56
2024-08,Net Revenue,4279273.68,4203201.48
2024-09,Net Revenue,4241021.4,4169604.09
2024-10,Net Revenue,4304989.33,4228548.63
2024-11,Net Revenue,4295677.25,4282259.29
2024-12,Net Revenue,4555555.71,4439955.45
2025-01,Net Revenue,4576038.88,4599325.5
2025-02,Net Revenue,4838710.73,4805236.08
2025-03,Net Revenue,4375722.87,4952949.68
2025-04,Net Revenue,4923790.63,5002514.35
2025-05,Net Revenue,4999029.46,5009672.08
2025-06,Net Revenue,5083586.41,5078414.71
2025-07,Net Revenue,4946731.65,4916375.54
2025-08,Net Revenue,4811420.24,4923916.52
2025-09,Net Revenue,4930077.54,4884250.67
2025-10,Net Revenue,4816759.92,4893070.29
2025-11,Net Revenue,4986763.86,4986033.35
2025-12,Net Revenue,5220598.88,5142642.96
2024-01,Gross Profit,2652955.26,2601757.06
2024-02,Gross Profit,2720372.48,2714005.72
2024-03,Gross Profit,2656633.23,2769195.2
2024-04,Gross Profit,2789537.0,2811387.26
2024-05,Gross Profit,2821665.15,2887683.1
2024-06,Gross Profit,2755306.45,2856174.43
2024-07,Gross Profit,2651903.72,2783553.64
2024-08,Gross Profit,2769216.27,2771915.9
2024-09,Gross Profit,2794870.08,2758192.12
2024-10,Gross Profit,2721160.46,2737215.19
2024-11,Gross Profit,2874687.6,2797190.54
2024-12,Gross Profit,2779818.87,2857680.66
2025-01,Gross Profit,2917371.84,3015041.47
2025-02,Gross Profit,3125327.72,3133518.84
2025-03,Gross Profit,3164518.74,3210689.02
2025-04,Gross Profit,3326178.15,3254803.52
2025-05,Gross Profit,3327990.87,3261271.99
2025-06,Gross Profit,3228567.04,3251658.19
2025-07,Gross Profit,3107104.3,3238413.75
2025-08,Gross Profit,3135078.83,3180255.11
2025-09,Gross Profit,3203152.58,3171711.95
2025-10,Gross Profit,3236469.49,3170003.84
2025-11,Gross Profit,3192783.13,3231271.65
2025-12,Gross Profit,3166429.44,3286995.46
2024-01,Operating Expenses,1752382.81,1782049.56
2024-02,Operating Expenses,1847196.08,1815950.7
2024-03,Operating Expenses,1846520.81,1884766.29
2024-04,Operating Expenses,1867018.95,1894285.82
2024-05,Operating Expenses,1855181.77,1886597.75
2024-06,Operating Expenses,1855946.07,1885478.72
2024-07,Operating Expenses,1919879.04,1855532.2
2024-08,Operating Expenses,1900590.19,1888698.66
2024-09,Operating Expenses,1862846.31,1857986.93
2024-10,Operating Expenses,1897882.96,1885114.36
2024-11,Operating Expenses,1924447.34,1915951.94
2024-12,Operating Expenses,2007558.56,1940585.57
2025-01,Operating Expenses,1940066.67,1984160.4
2025-02,Operating Expenses,2025291.18,2043825.99
2025-03,Operating Expenses,2081476.58,2054588.56
2025-04,Operating Expenses,2129650.37,2044499.43
2025-05,Operating Expenses,2053554.11,2060895.6
2025-06,Operating Expenses,2065493.4,2053064.13
2025-07,Operating Expenses,2103992.5,2072983.8
2025-08,Operating Expenses,2012291.45,2052223.5
2025-09,Operating Expenses,2087419.25,2091798.31
2025-10,Operating Expenses,2168581.71,2146068.76
2025-11,Operating Expenses,2125204.78,2086878.62
2025-12,Operating Expenses,2049154.94,2146154.78
2024-01,EBITDA,760978.83,796677.14
2024-02,EBITDA,805644.0,835182.48
2024-03,EBITDA,922458.3,868367.27
2024-04,EBITDA,878295.24,877551.75
2024-05,EBITDA,803460.19,888867.14
2024-06,EBITDA,884817.51,903375.62
2024-07,EBITDA,881592.11,883351.17
2024-08,EBITDA,835438.86,851034.45
2024-09,EBITDA,804892.84,848170.56
2024-10,EBITDA,969636.49,852766.74
2024-11,EBITDA,924471.67,872242.41
2024-12,EBITDA,965180.78,917607.17
2025-01,EBITDA,947505.14,956104.65
2025-02,EBITDA,960681.24,1004427.79
2025-03,EBITDA,756232.01,1023902.98
2025-04,EBITDA,978904.87,1062026.56
2025-05,EBITDA,1169121.58,1069647.79
2025-06,EBITDA,1053773.9,1064362.31
2025-07,EBITDA,1127827.19,1048166.97
2025-08,EBITDA,1004325.53,1041105.39
2025-09,EBITDA,1047774.68,1037183.98
2025-10,EBITDA,1039329.69,1015439.61
2025-11,EBITDA,965982.35,1069744.91
2025-12,EBITDA,1205928.4,1090938.71
2024-01,New Bookings,865513.14,913153.0
2024-02,New Bookings,865355.6,964373.59
2024-03,New Bookings,1100168.11,1029590.47
2024-04,New Bookings,1069149.78,1067949.32
2024-05,New Bookings,1111733.4,1090566.11
2024-06,New Bookings,1062834.33,1060075.65
2024-07,New Bookings,805751.77,1013052.39
2024-08,New Bookings,889843.96,959943.79
2024-09,New Bookings,861930.01,941750.11
2024-10,New Bookings,1033204.71,933958.83
2024-11,New Bookings,986092.85,978321.74
2024-12,New Bookings,1017426.91,1062442.62
2025-01,New Bookings,1202839.06,1156682.91
2025-02,New Bookings,1215033.17,1225512.09
2025-03,New Bookings,1473835.52,1314121.71
2025-04,New Bookings,1380589.85,1341924.09
2025-05,New Bookings,1376246.75,1367017.62
2025-06,New Bookings,1672122.13,1360901.77
2025-07,New Bookings,1175743.88,1281727.53
2025-08,New Bookings,1052098.55,1225182.01
2025-09,New Bookings,1236192.08,1212821.49
2025-10,New Bookings,1112887.96,1192555.32
2025-11,New Bookings,979064.28,1244756.98
2025-12,New Bookings,1192324.66,1326993.75
2024-01,Churned ARR,104216.51,119886.88
2024-02,Churned ARR,91022.76,121801.51
2024-03,Churned ARR,166838.14,124823.28
2024-04,Churned ARR,106857.72,130248.87
2024-05,Churned ARR,183373.72,126222.61
2024-06,Churned ARR,119140.15,126536.63
2024-07,Churned ARR,155707.1,122425.1
2024-08,Churned ARR,116699.37,122098.74
2024-09,Churned ARR,127268.87,119027.75
2024-10,Churned ARR,116840.37,117594.47
2024-11,Churned ARR,116363.69,120353.47
2024-12,Churned ARR,127902.68,122911.94
2025-01,Churned ARR,136412.53,128691.55
2025-02,Churned ARR,134299.07,131700.95
2025-03,Churned ARR,216513.44,134250.59
2025-04,Churned ARR,163473.1,136217.79
2025-05,Churned ARR,133617.58,138434.6
2025-06,Churned ARR,165480.86,134400.43
2025-07,Churned ARR,116246.33,129811.19
2025-08,Churned ARR,151612.08,128967.61
2025-09,Churned ARR,135981.92,124633.32
2025-10,Churned ARR,144198.26,127163.13
2025-11,Churned ARR,106777.99,127513.79
2025-12,Churned ARR,136412.39,131290.43
2024-01,Sales & Marketing Spend,689774.01,699275.58
2024-02,Sales & Marketing Spend,726016.3,736401.76
2024-03,Sales & Marketing Spend,819719.53,743944.7
2024-04,Sales & Marketing Spend,769683.33,780282.42
2024-05,Sales & Marketing Spend,790416.75,775992.62
2024-06,Sales & Marketing Spend,697928.82,767644.93
2024-07,Sales & Marketing Spend,807240.7,731666.53
2024-08,Sales & Marketing Spend,751593.28,718108.01
2024-09,Sales & Marketing Spend,703320.77,698055.9
2024-10,Sales & Marketing Spend,692554.88,713489.96
2024-11,Sales & Marketing Spend,740629.97,732130.99
2024-12,Sales & Marketing Spend,793866.13,753021.09
2025-01,Sales & Marketing Spend,857556.34,792240.2
2025-02,Sales & Marketing Spend,862832.64,826074.72
2025-03,Sales & Marketing Spend,863241.22,854378.0
2025-04,Sales & Marketing Spend,921120.05,867350.65
2025-05,Sales & Marketing Spend,912004.45,875998.8
2025-06,Sales & Marketing Spend,912664.54,868647.42
2025-07,Sales & Marketing Spend,913524.88,843422.03
2025-08,Sales & Marketing Spend,748036.23,811305.66
2025-09,Sales & Marketing Spend,748372.19,790836.85
2025-10,Sales & Marketing Spend,853630.52,798720.26
2025-11,Sales & Marketing Spend,782596.21,802715.0
2025-12,Sales & Marketing Spend,846198.29,834535.88
2024-01,Headcount Cost,943624.17,952964.09
2024-02,Headcount Cost,967702.29,962473.72
2024-03,Headcount Cost,941273.49,966278.66
2024-04,Headcount Cost,970788.77,974105.08
2024-05,Headcount Cost,992669.04,956725.23
2024-06,Headcount Cost,977903.97,989531.63
2024-07,Headcount Cost,974937.45,1005225.62
2024-08,Headcount Cost,1001213.54,1005984.04
2024-09,Headcount Cost,998786.55,1012696.24
2024-10,Headcount Cost,1022361.62,1013909.15
2024-11,Headcount Cost,1021022.02,1021388.14
2024-12,Headcount Cost,1016908.88,1024251.48
2025-01,Headcount Cost,1031369.65,1036905.38
2025-02,Headcount Cost,1050575.67,1029165.11
2025-03,Headcount Cost,1046147.56,1062974.58
2025-04,Headcount Cost,1046945.89,1046116.17
2025-05,Headcount Cost,1064321.54,1071141.53
2025-06,Headcount Cost,1069730.12,1083822.57
2025-07,Headcount Cost,1086323.65,1086162.37
2025-08,Headcount Cost,1090644.97,1109881.36
2025-09,Headcount Cost,1089986.44,1070344.26
2025-10,Headcount Cost,1117517.62,1094838.75
2025-11,Headcount Cost,1108766.83,1122076.19
2025-12,Headcount Cost,1097454.58,1101365.04
2024-01,Cash Balance,11615693.3,11904703.65
2024-02,Cash Balance,12057090.73,12014650.93
2024-03,Cash Balance,11969968.42,11736013.64
2024-04,Cash Balance,11308776.93,11863019.71
2024-05,Cash Balance,11697723.46,11863398.48
2024-06,Cash Balance,11927038.68,11778172.17
2024-07,Cash Balance,11892961.81,11741716.49
2024-08,Cash Balance,11791701.18,11585783.91
2024-09,Cash Balance,11579586.72,11644201.21
2024-10,Cash Balance,11764797.72,11529272.93
2024-11,Cash Balance,11648714.52,11497901.13
2024-12,Cash Balance,11455440.88,11577683.27
2025-01,Cash Balance,10980631.67,11288233.43
2025-02,Cash Balance,11053094.21,11124941.96
2025-03,Cash Balance,11191294.65,11430220.24
2025-04,Cash Balance,11235431.97,11322164.63
2025-05,Cash Balance,11499789.94,11404041.43
2025-06,Cash Balance,11194096.83,11361328.52
2025-07,Cash Balance,11185330.05,11071265.12
2025-08,Cash Balance,10987903.75,10955462.44
2025-09,Cash Balance,10878886.53,11035966.61
2025-10,Cash Balance,11208608.72,11221140.27
2025-11,Cash Balance,10683465.57,11030352.14
2025-12,Cash Balance,10715504.17,10995189.92
2024-01,Active Customers,2396.85,2356.06
2024-02,Active Customers,2483.2,2445.47
2024-03,Active Customers,2501.94,2488.46
2024-04,Active Customers,2543.07,2570.77
2024-05,Active Customers,2586.49,2599.91
2024-06,Active Customers,2620.79,2645.82
2024-07,Active Customers,2615.27,2585.51
2024-08,Active Customers,2665.13,2628.25
2024-09,Active Customers,2686.37,2666.94
2024-10,Active Customers,2685.73,2698.63
2024-11,Active Customers,2790.46,2793.9
2024-12,Active Customers,2800.75,2803.29
2025-01,Active Customers,2900.37,2845.22
2025-02,Active Customers,2951.45,2940.89
2025-03,Active Customers,2926.35,2982.35
2025-04,Active Customers,3011.92,2997.12
2025-05,Active Customers,3063.7,3084.1
2025-06,Active Customers,3113.01,3182.64
2025-07,Active Customers,3172.32,3107.43
2025-08,Active Customers,3163.8,3140.0
2025-09,Active Customers,3167.43,3182.35
2025-10,Active Customers,3235.23,3204.41
2025-11,Active Customers,3307.29,3235.1
2025-12,Active Customers,3346.52,3433.23
